id,TARGET_deathRate
0,218.66997758972624
1,130.54377694874455
5,139.49345400502378
8,112.64001613413353
9,163.54081663494352
10,149.61512666260887
12,139.22767600212683
21,120.66774400482016
26,117.50915022825636
36,130.43555254946827
45,77.19785704785927
49,97.74596588975481
53,98.27516200794045
58,118.33609002741515
68,98.29648175939006
70,105.05342608081695
80,118.08585497393841
88,117.42303730289633
89,221.65548396092586
91,131.67149213814287
96,139.81899381282994
97,111.66034416841678
98,124.93525771506778
102,117.53473881298949
107,221.9282340859301
110,138.16307852259172
117,220.4555047889807
124,149.94984399255927
128,154.28687021414183
135,233.63052293923525
138,143.4335684973071
140,235.9733761309451
147,251.42416417175417
155,250.75544249705277
158,224.61813821607382
160,83.99176803585843
166,107.65871892822638
167,151.94457477227914
175,81.74421757483817
176,79.40927532742747
179,97.38267770494372
185,80.63537636611863
193,100.63817078404968
196,140.07754178421078
198,131.65221041246474
199,124.42061347641881
203,228.01999346736474
207,123.53751734454322
210,154.22945738310725
217,130.18374606177326
218,224.55442730936147
227,104.3435697915066
238,123.57475159464921
241,228.49043652901275
244,104.38556815401098
249,105.33553101353635
251,232.23944756608415
281,124.5082862161651
284,117.8882939221118
288,220.78145294164696
295,132.9503352957254
303,111.4411456492103
308,116.46206747960527
317,131.23126013050833
319,97.93177434127819
321,125.89490498038438
323,111.16042715591145
326,82.23167594186276
328,154.4961034539852
330,228.0072840079792
337,112.15621774726766
339,139.1873908272496
341,153.5599827221738
347,111.63181169873228
348,98.04568891709087
349,97.40372574514187
354,105.76265074153547
364,220.56514603574843
366,106.30590325365579
370,117.8778611856443
371,139.43689450898657
373,150.3904834653349
375,123.95862411509803
376,226.4376525914284
379,123.8827454347839
380,123.67994333048266
381,139.54872172269086
382,139.57428937807146
386,154.4086736259165
390,146.4549949919546
396,144.54172190714175
403,133.71590906072788
407,132.23449446212163
413,98.65767827716722
420,155.57694459260466
426,113.80227478728007
442,220.27362656288628
443,84.74274392799224
450,106.41278781162197
461,140.27485167201613
462,138.4582460481436
465,124.8856425107655
472,131.64921065373835
474,140.00199209022077
475,118.18508390079866
476,130.74580461531627
477,106.33352521879277
478,231.65342803882208
483,118.47815247595851
485,150.79969333209124
486,105.79031655347178
489,154.55184868777533
490,151.62193985564284
491,97.69940692006286
493,118.41817814350811
511,81.04597580175513
515,111.12694954848753
517,104.31755066501817
528,110.9157091648013
544,79.77560546668235
545,104.32351143385648
552,111.59611279806141
560,110.9562706164211
567,127.7186167730429
584,246.45476088673257
586,114.79825178786244
592,224.6245891242583
596,107.08200437665646
613,117.16377508161429
614,219.01646388166762
619,106.38854457672674
642,150.3507775301751
658,132.53645596116678
669,118.44994659815256
686,140.39993205124532
690,117.58839326199782
691,117.91703835099428
692,123.61311926202923
694,227.604797127544
700,124.06393077510158
705,104.60445075939046
710,99.70031859443561
722,97.45938976972516
734,98.8214087593791
737,117.00279014078161
739,96.99128969662773
742,131.95039029432587
744,111.28932858363257
746,84.46749069948453
747,82.98319493812127
750,104.78630339157411
753,143.3700474747892
756,107.09224635264974
766,96.99001040493631
767,99.05999578121487
779,149.82690002932227
781,153.0874344197865
792,229.33889650273687
795,79.64172458006999
796,111.8871945339438
797,84.00929490627412
805,83.01994685056347
806,111.21668451792434
810,83.80912143184776
812,111.1840221803415
814,125.0523415022288
817,104.78676458784872
829,118.22927187396321
835,154.9481906266676
838,125.04515416726362
844,79.32543765795943
859,124.01235649677595
868,124.48369529138095
878,237.74756329962557
879,112.61196431642504
883,255.97622909403842
897,139.69828644146105
900,118.15113710156656
903,105.730037889626
904,81.36248453115111
906,150.15262958632704
911,84.1423490931653
915,139.68954421887702
923,149.9454947904925
926,232.7679762176266
930,118.44388074445114
932,241.22188204431654
941,118.55461539304353
943,217.56920278165035
951,153.3185528223661
956,123.28623151962145
961,152.7868616430597
972,98.25062161611032
980,130.30578827541646
988,153.26177891556856
990,83.01989664841633
995,219.84478416515287
996,119.68903174479816
997,98.83435005588608
998,131.93436490316756
1002,125.20578825993563
1021,243.324012624055
1022,146.31259286800957
1023,218.8067166570051
1028,119.33559695206992
1032,224.89500811340213
1052,98.83165583911429
1054,138.79746005074574
1058,83.45539950241182
1063,141.34220779221107
1067,160.72787060825402
1094,158.1426781491785
1100,251.60452024349715
1101,232.76734601189742
1113,152.14946429284137
1115,130.8418139153787
1121,112.24880424149138
1123,152.7187068450661
1125,125.40715481141437
1129,150.83599358235807
1132,111.3980488342089
1151,117.81338611767502
1154,228.17568500197615
1156,111.14417645487192
1163,140.40201190347915
1167,139.82895486994354
1169,141.03604997626582
1171,117.07261302060517
1176,153.5801626400051
1181,152.54040024711102
1185,150.28166344665004
1196,105.92864912703341
1197,84.5188354875578
1200,107.55845196816536
1201,75.49435984359327
1206,97.22241330832131
1207,78.44798714211454
1214,104.98635700142236
1230,105.45916748924974
1232,81.80840607165891
1234,97.13817329753674
1237,83.28630376617237
1239,96.78600625796314
1240,105.43495229842327
1241,111.51829341854703
1245,98.92266101528931
1246,97.68923670303333
1254,79.43545513791977
1275,83.13775660340782
1278,116.90486190033819
1288,111.79443976516718
1291,82.91809150197386
1295,123.0535659866673
1301,132.08874651067046
1302,150.12679533011897
1303,153.4648396326214
1307,117.71865735591938
1318,152.3449659906704
1319,125.10536376090586
1321,140.1603853890943
1328,111.83673028329868
1333,139.23273782757454
1335,123.5057590605999
1336,218.85248247970586
1343,130.3324905761424
1344,116.88943440455695
1348,143.6209014929383
1356,153.62887840342898
1357,139.21939424536603
1368,106.1611306644189
1380,111.87642857742354
1386,111.0154073791522
1387,117.40225085302875
1396,216.8708994983253
1398,220.056843629266
1399,82.36638601803713
1410,227.21007475480752
1412,163.70973887889255
1413,221.99756354732025
1414,231.12482251499085
1416,105.97823412366188
1417,96.85244894564542
1427,159.41750278434137
1431,99.73553254794979
1434,105.62216507702239
1435,99.00593849702896
1439,84.17141019995492
1446,82.87050753079359
1448,105.30083704591014
1449,108.17351199335175
1455,106.41673631191183
1457,127.94685459820563
1459,126.32827557483003
1460,107.36312717938416
1461,104.4445473999437
1465,109.83541782034459
1471,99.17932927251123
1473,138.88116240464498
1474,120.36925782177973
1479,83.78203046493847
1483,154.4631273297293
1491,138.61320215328882
1496,111.88196622466724
1509,138.5106976932151
1511,96.98432046041417
1512,84.38781671353388
1525,150.66821382645253
1526,139.20272461485544
1527,152.8574455434235
1533,117.57541181837394
1534,111.99903774269275
1537,84.8381416081793
1539,105.04923251272534
1540,125.73667618323303
1542,117.35255441188828
1544,106.5110079487448
1551,97.965199571101
1559,130.73766502608768
1567,104.82899253487206
1570,112.82455804240202
1571,138.55518204696622
1572,111.53239790998605
1576,116.83148490374698
1581,106.80520955685901
1586,148.66271769044
1592,138.47262103733462
1595,236.10679092192282
1606,132.27187931580985
1617,131.81310066754153
1619,118.69088004614774
1626,138.99258208375971
1629,140.20598059911265
1632,132.13514763591496
1635,106.96955758273576
1636,124.98540601085772
1643,139.85944401879627
1644,114.06661664092418
1649,139.61567553893826
1653,131.85562778392816
1656,132.32837149607292
1674,222.88901660388353
1685,97.91832942313248
1690,106.36653144506256
1691,105.95942211091658
1693,225.79792511978286
1696,155.0380875810144
1699,134.3348414334122
1706,114.12720781898754
1707,106.35608936461365
1711,117.38850103286084
1712,107.18969949893652
1713,118.22198335686342
1715,118.54219971945902
1716,219.16189934687495
1717,142.4075762883185
1720,126.24995212316232
1745,150.1085823084319
1748,106.54783683292361
1753,131.68959722644544
1764,217.61943337673995
1768,97.72904656768395
1770,77.75211594885259
1782,97.90011036135768
1791,130.2646290931039
1792,140.04363890841844
1798,152.52219215912106
1803,105.37565182189881
1804,132.51418424977
1806,111.72442538253344
1813,152.04200252100443
1814,125.23341563809204
1818,98.41490527863634
1821,111.82348346307597
1832,115.53183114954841
1840,112.22033539283353
1849,131.0421298859809
1853,217.38500395687333
1857,132.22076448910423
1864,155.5741593287056
1872,84.569462428684
1875,118.10273793085192
1880,111.61646365191183
1886,111.4922988983907
1891,105.5877304388329
1898,124.62770089764298
1903,154.44307099586558
1904,138.2638557727552
1906,126.68628175118083
1907,111.74765060124874
1917,83.42453197795045
1924,116.89746237784344
1928,105.5420382830536
1929,105.23455219264629
1930,141.95262906608878
1938,118.44346732190893
1951,124.49927727984779
1953,83.69697547394898
1954,117.15860745738998
1955,139.2730956967686
1962,125.53899222846273
1966,116.61505238612601
1983,106.87256072700823
1994,83.91880597077916
2007,125.30565390927627
2010,97.45677433353245
2016,124.68015021114985
2020,96.92385999627733
2021,123.76120828569897
2034,96.81740402135628
2040,230.1340020435624
2043,111.44338305480112
2046,96.77923204090298
2051,105.0632768626
2056,106.5435571205981
2057,139.71056086445708
2065,105.3197825323
2067,131.4530503128932
2102,150.05099139192015
2106,140.4687304144024
2116,84.55443504487984
2118,127.45728816446344
2122,215.7260167822988
2124,116.81717102112117
2140,127.65360408628037
2143,130.4196152159854
2148,83.2513933474739
2149,124.48735633637081
2156,80.61102379500501
2159,81.83443591573688
2161,133.9360712169378
2165,81.91387740677983
2168,124.01858822212886
2173,131.97703247174212
2174,133.1153834920123
2178,117.33355807103973
2180,111.73557013472657
2185,124.31487570199799
2192,112.53377031787026
2195,130.75042845990782
2196,150.19173182266582
2201,118.08506278768702
2202,141.12207756756274
2214,150.3199758478217
2217,138.1316335152492
2220,112.25551310377213
2229,124.90089429434228
2233,140.79864610093074
2244,118.89644474426099
2256,131.66407100055346
2257,216.063481592733
2259,140.6376359570191
2264,131.2557114564465
2278,98.5351225421637
2279,150.63829116595483
2285,83.68930399599118
2286,80.86142245018773
2292,83.44153993656558
2296,111.18256782367435
2300,96.83620812170517
2301,82.68128842222352
2306,112.44128972118672
2309,83.07363394340085
2315,220.05904801029732
2318,118.79937596411035
2320,123.88345081215664
2329,150.36505851804054
2331,111.54748970178083
2332,112.64236036930266
2337,118.31368706195279
2339,139.2050744515839
2341,132.51057291067673
2343,104.43933968602302
2354,151.93674468595128
2357,97.91274769151643
2363,139.05011246556256
2366,123.93565222973952
2370,123.4694504246626
2387,125.09537718449336
2388,118.13321256951157
2397,105.2063393291035
2404,97.37965128446166
2412,218.22705617126985
2414,105.7563856862724
2418,99.23240251854801
2420,80.98340905472666
2426,140.1145504119098
2432,231.4433558069507
2433,124.40818045049231
2435,111.14542110818718
2440,112.36197941932649
2445,131.18611870901765
2448,104.28875565163543
2479,140.0591123601357
2485,138.98863166809153
2486,118.24035156095958
2489,140.11302436102227
2492,140.65012135007993
2494,140.73894633713937
2495,130.60514377766984
2499,155.1668697676464
2500,132.39675874130995
2511,131.71397685741786
2520,152.08159805178
2522,150.015715439835
2523,132.5415839705432
2524,117.2927365935984
2536,97.58757518973319
2537,81.98190186975798
2541,84.02561574033483
2552,99.34987963244711
2561,97.43337116154872
2570,116.92979226750582
2583,81.78285402835452
2584,81.5564739872622
2586,82.15700037831776
2611,117.86207572613766
2613,106.2137571723921
2627,82.66020909877294
2633,155.9565353883524
2638,84.83933210972864
2639,140.32276565800208
2645,96.61294646355633
2650,104.58043266447379
2652,124.97567142969301
2654,98.50673645779852
2656,82.80978038338236
2661,132.18669580193577
2663,112.50819364883354
2664,97.29704659692052
2665,99.57547843454456
2667,98.74992203459082
2669,219.9447024434611
2680,134.9350854508775
2681,123.6287367275353
2686,138.90680467990612
2690,83.95072660649987
2693,121.39714286199109
2705,77.69808548763184
2707,98.93170362062936
2709,99.58721063306298
2711,76.55094369940238
2721,216.91682336870485
2727,85.039335309434
2730,153.525124654527
2733,84.02789673036325
2738,104.76035964848474
2741,186.89210085699779
2749,105.96110921807039
2752,104.53868404662768
2760,82.55978221112979
2771,143.1630680570691
2795,98.56734315577167
2802,82.90039111325369
2804,138.47565859508876
2808,110.9528509497113
2819,139.19597654845785
2820,123.59774960375347
2823,220.08696533057753
2830,124.9225527941971
2844,81.99020991116878
2845,82.39279430323136
2854,111.30024560785286
2857,131.50882391580694
2866,139.20500328582887
2868,123.51387132417409
2870,151.9889742092943
2874,139.15985616970605
2877,140.52965022461805
2880,231.40776383821327
2882,126.05225807497943
2884,143.47969098176392
2885,118.26626794516663
2886,140.10030675035154
2890,149.7712663285827
2891,225.7494723991894
2892,123.2992200290689
2900,111.02400893326414
2901,84.57878908786478
2902,215.91526481005766
2913,130.9351505081333
2914,155.65878630531188
2920,124.42504760232741
2931,105.87384997680148
2935,118.37295460479596
2936,139.88791347494265
2938,131.9088842615791
2944,106.95489088309118
2946,134.02946368561447
2953,132.55683215320113
2967,132.05509103295182
2969,111.4776643712248
2985,117.02614601801771
2991,124.4871746485472
2992,132.17979869819806
2994,131.36007019997402
3013,132.28049812793782
3014,150.69636543397894
3021,138.35241019379143
3024,123.49417087343274
3026,124.42921240900293
3036,124.99756191893009
3039,131.0224283907642
3040,98.25772871173815
